{
    "T": [
        282.9717, 
        283.0283, 
        283.0, 
        283.0
    ], 
    "dcell": [
        0.000459954, 
        0.00046004600000000003, 
        0.00046, 
        0.00046
    ], 
    "eps": [
        0.9637218, 
        0.9639145636363636, 
        0.9638181818181818, 
        0.9638181818181818
    ], 
    "fstrut": [
        0.6799320000000001, 
        0.680068, 
        0.68, 
        0.68
    ], 
    "x[CO2]": [
        0.0, 
        0.0, 
        0.0, 
        1.0
    ], 
    "x[CyP]": [
        0.0, 
        1.0, 
        0.0, 
        0.0
    ], 
    "x[N2]": [
        1.0, 
        0.0, 
        0.0, 
        0.0
    ], 
    "x[O2]": [
        0.0, 
        1.0, 
        0.0, 
        0.0
    ], 
    "x[Opt]": [
        1.0, 
        0.0, 
        0.0, 
        0.0
    ], 
    "x[Sol]": [
        0.0, 
        0.0, 
        1.0, 
        0.0
    ]
}